{"list":[{"source":"San Francisco","name":"Eastman Kodak Co","owner":"Eastman Kodak Co","address":"343 State St","city":"Rochester","state":"NY","zip":"14650","startDate":"2003-01-01T00:00:00.000","certificateNumber":"0000024","taxId":"0000024-02-999","segment":"Other"},{"source":"San Francisco","name":"Ideal Novak Corp","owner":"Ideal Novak Corp","address":"8 Mendosa Ave","city":"San Francisco","state":"CA","zip":"94116","startDate":"1968-10-01T00:00:00.000","certificateNumber":"0000052","taxId":"0000052-01-001","segment":"Manufacturing"},{"source":"San Francisco","name":"Tournahu Arms","owner":"Tournahu George L","address":"1842 Jefferson St","city":"San Francisco","state":"CA","zip":"94123","startDate":"1968-10-01T00:00:00.000","certificateNumber":"0000071","taxId":"0000071-01-001","segment":"Other"},{"source":"San Francisco","name":"3301 Broderick Apartments","owner":"Tournahu George L","address":"3301 Broderick St","city":"San Francisco","state":"CA","zip":"94123","startDate":"1968-10-01T00:00:00.000","certificateNumber":"0000071","taxId":"0000071-02-001","segment":"Real Estate"},{"source":"San Francisco","name":"3301 Broderick Apartments","owner":"Tournahu George L","address":"3301 Broderick St","city":"San Francisco","state":"CA","zip":"94123","startDate":"1968-10-01T00:00:00.000","certificateNumber":"0000071","taxId":"0000071-02-003","segment":"Real Estate"},{"source":"San Francisco","name":"1840-42 Jefferson St","owner":"Tournahu George L","address":"1840 Jefferson St #42","city":"San Francisco","state":"CA","zip":"94123","startDate":"1968-10-01T00:00:00.000","certificateNumber":"0000071","taxId":"0000071-03-001","segment":"Other"},{"source":"San Francisco","name":"Abbett Elec Corp","owner":"Abbett Elec Corp","address":"1850 Bryant St","city":"San Francisco","state":"CA","zip":"94110","startDate":"1968-10-01T00:00:00.000","certificateNumber":"0000188","taxId":"0000188-01-001","segment":"Manufacturing"},{"source":"San Francisco","name":"Able Building Maintenance Co","owner":"Crown Building Maintenance Co","address":"868 Folsom St","city":"San Francisco","state":"CA","zip":"94107","startDate":"1968-10-01T00:00:00.000","certificateNumber":"0000244","taxId":"0000244-01-001","segment":"Construction & Trades"},{"source":"San Francisco","name":"Able Services","owner":"Crown Building Maintenance Co","address":"868 Folsom St","city":"San Francisco","state":"CA","zip":"94107","startDate":"1968-10-01T00:00:00.000","certificateNumber":"0000244","taxId":"0000244-02-001","segment":"Professional Services"},{"source":"San Francisco","name":"Academy Of Art University","owner":"Stephens Institute Inc","address":"79 New Montgomery St Fl 3","city":"San Francisco","state":"CA","zip":"94105","startDate":"1968-10-01T00:00:00.000","certificateNumber":"0000265","taxId":"0000265-01-001","segment":"Education"},{"source":"San Francisco","name":"Acad Art College Supply Store","owner":"Stephens Institute Inc","address":"79 New Montgomery St","city":"San Francisco","state":"CA","zip":"94105","startDate":"1968-10-01T00:00:00.000","certificateNumber":"0000265","taxId":"0000265-04-001","segment":"Retail"},{"source":"San Francisco","name":"Academy Of Art University","owner":"Stephens Institute Inc","address":"410 Bush St","city":"San Francisco","state":"CA","zip":"94108","startDate":"1968-10-01T00:00:00.000","certificateNumber":"0000265","taxId":"0000265-06-001","segment":"Education"},{"source":"San Francisco","name":"Academy Of Art University","owner":"Stephens Institute Inc","address":"2225 Jerrold Ave","city":"San Francisco","state":"CA","zip":"94124","startDate":"1968-10-01T00:00:00.000","certificateNumber":"0000265","taxId":"0000265-06-002","segment":"Education"},{"source":"San Francisco","name":"Academy Of Art University","owner":"Stephens Institute Inc","address":"180 New Montgomery St","city":"San Francisco","state":"CA","zip":"94105","startDate":"1968-10-01T00:00:00.000","certificateNumber":"0000265","taxId":"0000265-06-003","segment":"Education"},{"source":"San Francisco","name":"Academy Of Art University","owner":"Stephens Institute Inc","address":"540 Powell St","city":"San Francisco","state":"CA","zip":"94108","startDate":"1968-10-01T00:00:00.000","certificateNumber":"0000265","taxId":"0000265-06-004","segment":"Education"},{"source":"San Francisco","name":"Academy Of Art University","owner":"Stephens Institute Inc","address":"460 Townsend St","city":"San Francisco","state":"CA","zip":"94107","startDate":"1968-10-01T00:00:00.000","certificateNumber":"0000265","taxId":"0000265-06-005","segment":"Education"},{"source":"San Francisco","name":"Academy Of Art University","owner":"Stephens Institute Inc","address":"1835 Van Ness Ave #49","city":"San Francisco","state":"CA","zip":"94109","startDate":"1968-10-01T00:00:00.000","certificateNumber":"0000265","taxId":"0000265-06-006","segment":"Education"},{"source":"San Francisco","name":"Academy Of Art University","owner":"Stephens Institute Inc","address":"620 Sutter St","city":"San Francisco","state":"CA","zip":"94102","startDate":"1968-10-01T00:00:00.000","certificateNumber":"0000265","taxId":"0000265-06-007","segment":"Education"},{"source":"San Francisco","name":"Academy Of Art University","owner":"Stephens Institute Inc","address":"655 Sutter St","city":"San Francisco","state":"CA","zip":"94102","startDate":"1968-10-01T00:00:00.000","certificateNumber":"0000265","taxId":"0000265-06-008","segment":"Education"},{"source":"San Francisco","name":"Academy Of Art University","owner":"Stephens Institute Inc","address":"1055 Pine St","city":"San Francisco","state":"CA","zip":"94109","startDate":"1968-10-01T00:00:00.000","certificateNumber":"0000265","taxId":"0000265-07-001","segment":"Education"}],"metadata":{"keyCount":{"counts":{"Total":162060,"city":162060}},"valueCount":{"city":{"counts":{"0566 Oslo, Norway":1,"101 California":1,"1263 Copenhagen K, Denmark":1,"2800 Bd Gouda, Netherlands":1,"2850":1,"4605 San Francisco":1,"6300 Zug, Switzerland":1,"92110 Clichy France":1,"94116":1,"Abbott Park":2,"Acampo":1,"Acton":3,"Acworth":2,"Ada":1,"Addison":7,"Adelanto":2,"Agoura Hills":3,"Airway Heights":1,"Akron":2,"Alachua":2,"Alameda":238,"Alameda De Las Pulgas":1,"Alamo":19,"Albany":29,"Albion":1,"Albuquerque":6,"Alexandria":14,"Algodones":1,"Algonquin":1,"Alhambra":4,"Aliso Viejo":10,"Allen":1,"Allendale":1,"Allentown":1,"Aloha":1,"Alpharelta":1,"Alpharetta":28,"Alpine":2,"Alta":1,"Altamonte Springs":1,"Altoona":1,"Alviso":8,"Ambler":1,"America Canyon":1,"American Canyon":19,"American Cyn":4,"American Fork":1,"Amherst":3,"Amity":1,"Amsterdam":1,"Anacortes":2,"Anaheim":56,"Anahein":1,"Anchorage":2,"Anderson":1,"Andover":8,"Angels Camp":2,"Ann Arbor":13,"Annandale":1,"Annapolis":5,"Anniston":2,"Antelope":16,"Antioch":179,"Apache Junction":1,"Apple Valley":1,"Applegate":2,"Appleton":4,"Aptos":10,"Arcadia":5,"Arcata":2,"Argyle":1,"Arleta":1,"Arlington":33,"Armonk":3,"Arnold":1,"Aromas":1,"Arroyo Grande":1,"Arvada":1,"Asbury Park":1,"Ashburn":5,"Asheville":2,"Ashland":6,"Astoria":2,"Atascadero":2,"Athens":3,"Atherton":9,"Atlanta":111,"Atwater":4,"Auburn":29,"Auburn Hills":2,"Auburndale":2,"Augusta":1,"Aurora":3,"Ausitn":1,"Austin":65,"Australia":1,"Aventura":3,"Azusa":3,"Bainbridge Island":3,"Bakersfield":29,"Bala Cynwyd":2,"Baldwin Park":2,"Ball Ground":1,"Ballston Lake":1,"Baltimore":16,"Bannockburn":4,"Bartlett":1,"Basalt":1,"Basking Ridge":11,"Batesville":4,"Baton Rouge":6,"Battle Creek":2,"Bay Point":41,"Beachwood":1,"Beaufort":1,"Beaumont":1,"Beavercreek":1,"Beaverton":17,"Bedford":4,"Bedminster":4,"Beecher":1,"Bell":1,"Bell Gardens":1,"Bella Vista":1,"Bellefonte":1,"Bellevue":39,"Bellingham":2,"Belmont":106,"Beloit":3,"Belton":1,"Beltsville":2,"Belvedere":9,"Belvedere Tiburon":10,"Bemidji":1,"Ben Lomond":4,"Bencia":2,"Bend":5,"Benecia":1,"Benica":1,"Benicia":110,"Bentonville":2,"Berekley":1,"Berkeley":346,"Berkeley Heights":3,"Berkley":1,"Berleley":1,"Berlin":1,"Bernardsville":1,"Berwick":1,"Bethel":1,"Bethel Island":2,"Bethesda":32,"Bethlehem":3,"Bethpage":2,"Beverly":3,"Beverly Hills":18,"Big Oak Flat":1,"Billerica":4,"Billings":1,"Birmingham":9,"Bisbee":1,"Blacksburg":1,"Blackwood":1,"Blaine":2,"Blair":1,"Block 729 Jerdab":1,"Bloomfield Hills":1,"Bloomington":13,"Blue Ash":1,"Blue Bell":8,"Boca Raton":22,"Bodega":1,"Bohemia":2,"Boise":12,"Bolinas":1,"Bolingbrook":3,"Bonita":2,"Bordentown":1,"Boston":111,"Bothell":7,"Boulder":17,"Boulder Creek":5,"Bountiful":1,"Bowie":2,"Boxborough":2,"Boyes Hot Spg":1,"Boylston":1,"Boynton Beach":1,"Bradenton":1,"Braintree":1,"Branchburg":1,"Brandon":1,"Branford":1,"Brattleboro":1,"Bre":1,"Brea":14,"Brentwood":89,"Brevard":1,"Bridgeton":1,"Bridgewater":5,"Brighton":2,"Brisbane":147,"Brisbane Q4068":127,"Bristol":1,"British Columbia V5y 3e9":1,"Brockton":2,"Bronx":2,"Brookfield":3,"Brookhaven":1,"Brookings":1,"Brookline":1,"Brooklyn":47,"Brookville":1,"Broomfield":6,"Brown Deer":2,"Browns Valley":2,"Brownsville":4,"Brunswick":2,"Bryn Mawr":1,"Buena Park":6,"Buffalo":7,"Buffalo Grove":1,"Buford":2,"Burbank":50,"Burien":1,"Burilngame":1,"Burlingame":350,"Burlington":18,"Burlington, Ontario":1,"Burnaby":1,"Burnsville":2,"Burr Ridge":1,"Byron":4,"Ca":2,"Calabasas":13,"Caledonia":1,"Calhoun":1,"California":6,"California City":1,"Calistoga":6,"Camarillo":7,"Camas":1,"Cambridge":29,"Cambridge Cb5 8ab":1,"Camden":1,"Cameron Park":5,"Camino":1,"Campbell":103,"Canada":1,"Canada Victoria, Bc":1,"Canal Fulton":1,"Canby":1,"Canoga Park":8,"Canonburg":1,"Canonsburg":4,"Canton":6,"Canyon Country":1,"Cape Coral":1,"Capistrano Beach":2,"Capitola":4,"Capo Beach":1,"Carlsbad":35,"Carlstadt":3,"Carmel":5,"Carmel Valley":4,"Carmichael":16,"Carnegie":2,"Carpinteria":3,"Carrollton":5,"Carson":6,"Carson City":9,"Carteret":1,"Caruthers":1,"Cary":8,"Castle Rock":1,"Castro Valley":87,"Castroville":1,"Catharpin":1,"Cathedral City":2,"Cave Creek":1,"Cedar Park":2,"Cedar Rapids":6,"Centennial":9,"Center Conway":1,"Center Valley":3,"Central Islip":1,"Central Point":3,"Centre":1,"Centreville":1,"Century City":3,"Ceres":12,"Cerritos":7,"Chadds Ford":1,"Chandler":6,"Chanhassen":2,"Chantilly":7,"Chapel Hill":2,"Chappaqua":1,"Charleston":5,"Charlestown":2,"Charlotte":25,"Charlotte, Mecklenburg":1,"Charlottesville":3,"Chatham":2,"Chatsworth":7,"Chattanooga":6,"Chehalis":2,"Chelmsford":5,"Chelsea":1,"Cherry Hill":2,"Cherry Hills Village":1,"Cherryland":4,"Cheshire":2,"Chesnee":1,"Chester":1,"Chester Springs":1,"Chesterbrook":7,"Chesterfield":4,"Cheverly":1,"Chevy Chase":2,"Cheyenne":4,"Chicago":178,"Chico":12,"Chino":11,"Chino Hills":3,"Chowchilla":3,"Chula Vista":4,"Cincinnati":17,"Cinnaminson":1,"Citrus Heights":24,"City Industry":1,"City Of Industry":15,"Clackamas":1,"Claremont":1,"Clarinda":1,"Clarkston":1,"Claymont":2,"Clayton":15,"Clearlake":1,"Clearlake Oaks":1,"Clearwater":2,"Clements":1,"Cleveland":30,"Clifton":4,"Clinton Township":1,"Cloverdale":3,"Clovis":13,"Club Level, San Francisco":1,"Coalville":1,"Coarsegold":1,"Cold Spring":1,"Cold Spring Harbor":1,"Colfax":4,"College Park":1,"College Point":1,"Colma":25,"Colorado Springs":4,"Colton":3,"Columbia":34,"Columbia Falls":1,"Columbus":21,"Colusa":3,"Commerce":9,"Commerce City":2,"Compton":3,"Concord":357,"Conroe":2,"Conshohocken":6,"Cool":1,"Coopersburg":2,"Coplay":1,"Coppell":2,"Copperopolis":3,"Coral Gables":5,"Coral Springs":4,"Coralville":1,"Coraopolis":3,"Cordova":2,"Corona":19,"Corona Del Mar":1,"Coronado":2,"Corte Madera":45,"Cortlandt Manor":1,"Corvallis":1,"Costa Mesa":31,"Cotati":33,"Cottonwood":1,"Cottonwood Heights":2,"Courtland":1,"Coventry Township":1,"Covina":26,"Covington":6,"Coyote":1,"Cranberry Township":1,"Cranbury":2,"Cranford":1,"Cranston":1,"Crescent City":1,"Crestwood":2,"Crete":1,"Crockett":11,"Cromwell":2,"Crowley":1,"Crowley Lake":1,"Crown Point":1,"Cuddy":2,"Culver City":26,"Cumming":3,"Cupertinio":1,"Cupertino":33,"Cut Bank":1,"Cypress":5,"Dallas":59,"Dalton":2,"Daly":2,"Daly City":1078,"Daly Cty":1,"Dalycity":3,"Dana Point":1,"Dana Pointq":1,"Dania Beach":1,"Daniel Island":2,"Danvers":2,"Danville":57,"Davenport":2,"Davidson":3,"Davis":22,"Dayton":3,"Daytona Beach":6,"De Pere":2,"De Queen":1,"Dearborn":5,"Deerfield":4,"Deerfield Beach":1,"Del Mar":3,"Delano":1,"Delaware":2,"Delhi":1,"Delran":1,"Delray Beach":2,"Denair":1,"Denver":65,"Denville":1,"Depew":1,"Des Peres":2,"Des Plaines":2,"Desert Hotsprings":1,"Desoto":1,"Detroit":3,"Dfw Airport":2,"Diablo":6,"Diamond Bar":5,"Diamond Springs":1,"Dillon Beach":1,"Dinuba":1,"Discovery Bay":14,"Dixon":10,"Dllas":1,"Doral":5,"Dos Palos":1,"Dover":15,"Downers Grove":10,"Downey":5,"Downingtown":1,"Draper":8,"Dresher":1,"Drexel Hill":1,"Duarte":2,"Dublin":85,"Dubuque":1,"Dulles":1,"Duluth":9,"Duncan":1,"Dunkirk":1,"Dunwoody":2,"Durham":22,"Duxbury":1,"E Palo Alto":3,"Eagan":3,"Eagle":2,"East Brunswick":5,"East Dundee":1,"East Granby":1,"East Greenville":1,"East Hanover":5,"East Moline":1,"East Norriton":1,"East Palo Alto":33,"East Providence":1,"East Syracuse":1,"East Walpole":1,"Easton":1,"Eatontown":2,"Eau Claire":1,"Eden Prairie":10,"Edina":1,"Edison":5,"Edmond":6,"Edmonds":2,"Edwardsville":1,"El Cajon":8,"El Cerrito":65,"El Cerrrito":1,"El Dorado":2,"El Dorado Hills":25,"El Dorado Hls":1,"El Granada":20,"El Monte":1,"El Paso":1,"El Segundo":34,"El Sobarante":1,"El Sobrante":71,"Elk Grove":46,"Elk Grove Village":2,"Elkridge":1,"Elkton":1,"Elmhurst":4,"Elmwood":1,"Elmwood Park":2,"Elyria":1,"Emerald Hills":11,"Emeryvile":1,"Emeryville":142,"Emeryvillle":1,"Emmaus":1,"Empire":1,"Encinitas":7,"Encino":12,"Englewood":11,"Erie":1,"Escalon":3,"Escondido":7,"Esparto":1,"Eugene":10,"Eureka":1,"Eureka Springs":1,"Evanston":3,"Evansville":2,"Eveleigh":1,"Everett":9,"Evergreen":1,"Ewing":1,"Exeter":3,"Exton":5,"Fair Lawn":1,"Fair Oaks":9,"Fairbanks":1,"Fairburn":2,"Fairfax":74,"Fairfax Station":1,"Fairfield":135,"Fairhaven":2,"Fairhope":1,"Fairlawn":2,"Fairoaks":1,"Fairport":3,"Fairview":3,"Falls Church":5,"Falmouth":1,"Fargo":1,"Faribault":2,"Farmers Branch":1,"Farmingdale":1,"Farmington":2,"Farmington Hills":3,"Fayetteville":1,"Felton":3,"Fenton":5,"Fiddletown":1,"Field Level San Francisco":3,"Field Level, San Francisco":1,"Field Lvl Sect 109":1,"Fife":3,"Firebaugh":1,"Fishers":1,"Fitchburg":2,"Fleetwood":1,"Flemington":2,"Florham Park":1,"Flower Mound":2,"Flowery Branch":1,"Folsom":34,"Fontana":6,"Foothill Ranch":7,"Forest Hill":1,"Forest Knolls":3,"Foresthill":2,"Forestville":3,"Fort Atkinosn":1,"Fort Bragg":3,"Fort Collins":5,"Fort Lauderdale":9,"Fort Lee":2,"Fort Mill":3,"Fort Myers":3,"Fort Myers Beach":1,"Fort Washington":1,"Fort Wayne":3,"Fort Worth":6,"Fortuna":3,"Foster City":102,"Fountain Valley":12,"Fowler":2,"Foxboro":1,"Foxborough":1,"Framingham":5,"France":1,"Francisco":1,"Franklin":10,"Franklin Lakes":1,"Franktown":1,"Frazier Park":1,"Frederick":5,"Fredericksburg":4,"Freedom":2,"Freehold":1,"Freemont":1,"Freeport":2,"Freestone":1,"Fremont":285,"French Camp":4,"Fresno":76,"Frisco":9,"Ft Washington":1,"Ft Worth":1,"Fullerton":6,"Fulton":2,"Gainesville":3,"Gaithersburg":5,"Galloway":1,"Galt":6,"Galveston":1,"Garberville":1,"Garden City":3,"Garden Grove":8,"Garden Valley":1,"Gardena":16,"Gardnerville":2,"Garland":1,"Garner":1,"Garrison":1,"Gary":1,"Genoa City":2,"Genova City":1,"Georgetown":1,"Germantown":2,"Germany":1,"Gilbert":5,"Gilford":1,"Gillette":1,"Gilroy":49,"Glastonbury":1,"Glen Allen":3,"Glen Ellen":3,"Glenbrook":1,"Glencoe":1,"Glendale":25,"Glendale Heights":1,"Glendora":1,"Glenview":1,"Gold River":9,"Gold Run":1,"Golden":1,"Golden Valley":1,"Goldendale":1,"Goleta":2,"Goshen":1,"Granada Hills":4,"Grand Blanc":1,"Grand Island":1,"Grand Junction":2,"Grand Prairie":2,"Grand Rapids":9,"Granite Bay":8,"Grants Pass":1,"Granville":2,"Grapevine":2,"Grass Valley":25,"Grass Velley":1,"Great River":2,"Greeley":1,"Green Valley":1,"Greenbelt":1,"Greenbrae":38,"Greenbrea":1,"Greene":1,"Greenfield":1,"Greensboro":5,"Greenville":3,"Greenwich":4,"Greenwood":3,"Greenwood Village":12,"Greer":1,"Gretna":1,"Grove City":1,"Groveland":2,"Guadalajara Jalisco 44630 Mexico":1,"Gualala":1,"Guaynabo":1,"Guerneville":4,"Gulf Breeze":1,"Gustine":2,"Hacienda Heights":2,"Hackensack":2,"Hackettstown":1,"Haif Moon Bay":1,"Hailey":3,"Half Moon Bay":39,"Half Moon Way":1,"Hallandale Beach":1,"Hamilton":1,"Hammond":1,"Hanford":1,"Hanover":13,"Hanson":1,"Harbor City":2,"Harding Township":1,"Harmony":2,"Harrisburg":1,"Harrison":2,"Harrisonburg":1,"Hartford":6,"Hatboro":2,"Hauppauge":2,"Hawthorne":2,"Hayden Lake":1,"Hayward":606,"Hazelwood":2,"Healdsburg":12,"Heathrow":1,"Hemet":4,"Hempstead":1,"Henderson":14,"Hendersonville":1,"Henrico":2,"Hercules":44,"Herdon":1,"Hermitage":1,"Hermosa Beach":1,"Herndon":23,"Hershey":1,"Hesperia":3,"Hiawatha":1,"Hickman":2,"Hidden Valley":1,"High Point":1,"Highland":1,"Highland Heights":1,"Highland Park":1,"Highlands Ranch":3,"Hillsboro":7,"Hillsborough":140,"Hoboken":10,"Hoffman Estates":3,"Holbrook":1,"Holladay":2,"Holland":2,"Hollister":28,"Holly Hill":1,"Hollywood":12,"Holmdel":3,"Honolulu":6,"Hood River":1,"Hoover":2,"Hopkinton":3,"Horseheads":1,"Horsham":1,"Houston":67,"Huber Heights":1,"Hubert Quebec J3y 8y6 Canada":1,"Hubertus":1,"Hudson":2,"Hughson":3,"Hunt Valley":1,"Huntersville":3,"Huntingdon Valley":3,"Huntington Beach":11,"Huntsville":6,"Hutto":1,"IVanhoe":1,"Incline Village":7,"Independence":5,"Indian Wells":1,"Indianapolis":30,"Indio":1,"Industry":1,"Inglewood":3,"Inverness":4,"Iron Mountain":1,"Irvine":127,"Irving":26,"Irvington":1,"Irwin":1,"Islandia":1,"Isleton":3,"Issaquah":5,"Itasca":3,"Ithaca":3,"Jackson":4,"Jackson Heights":1,"Jacksonville":20,"Jacksonville Beach":3,"Jamaica Plain":2,"Jamestown":1,"Jamul":1,"Jeffersonville":1,"Jenner":1,"Jericho":2,"Jersey City":13,"Johns Creek":2,"Johnsburg":2,"Johnson City":1,"Johnson Valley":1,"Johnston":2,"Jones Mills":1,"Jordan":1,"Joshua Tree":2,"Juno Beach":1,"Jupiter":4,"Jurupa Valley":3,"Kailua Kona":1,"Kalamazoo":1,"Kalispell":2,"Kamuela":1,"Kaneohe":1,"Kannapolis":1,"Kansas City":12,"Kapaa":3,"Katy":2,"Kaunakakai":1,"Kearneysville":1,"Keene":2,"Kelseyville":2,"Kenil Worth":2,"Kennesaw":4,"Kennett Square":1,"Kenosha":3,"Kensington":10,"Kent":5,"Kentfield":29,"Kenwood":1,"Kerman":2,"Kernersville":1,"Kerrville":2,"Keslseyville":1,"Ketchum":1,"Kihei":1,"Kilauea":1,"Kilgore":1,"King City":2,"King Of Prussia":8,"Kingsburg":1,"Kingston":2,"Kingwood":2,"Kirkland":11,"Kitchener, Canada":1,"Kitchener, On N2h 5l6":1,"Knightsen":2,"Knoxville":5,"Kokomo":1,"Kulpsville":1,"L'islet, Quebec, Canada":1,"La Canada Flintridge":1,"La Crescenta":2,"La Crosse":1,"La Grange":3,"La Habra":1,"La Honda":9,"La Jolla":7,"La Mesa":5,"La Mirada":8,"La Palma":2,"La Puente":4,"La Quinta":3,"La Selva Beach":1,"La Vergne":1,"La Verne":2,"Ladera Ranch":1,"Lafayette":76,"Laguna Beach":8,"Laguna Hills":7,"Laguna Niguel":7,"Lagunitas":4,"Lake Buena Vista":1,"Lake Elmo":2,"Lake Elsinore":8,"Lake Forest":15,"Lake Geneva":1,"Lake Havasu City":2,"Lake Jackson":1,"Lake Mary":4,"Lake Oswego":10,"Lake Park":1,"Lake Placid":1,"Lake Stevens":1,"Lake Wales":1,"Lake Zurich":3,"Lakeland":2,"Lakeport":4,"Lakeville":3,"Lakeway":1,"Lakewood":5,"Lakewood Ranch":1,"Lancaster":7,"Langhorne":2,"Langley, Bc Vim 4b9, Canada":1,"Lanham":6,"Lansdowne":2,"Lansing":1,"Laquinta":1,"Largo":1,"Larkspur":36,"Las Vegas":56,"Lathrop":26,"Latrobe":1,"Lauderhill":1,"Laureldale":1,"Lavallette":1,"Lawndale":1,"Lawrence":1,"Lawrenceville":1,"Layton":1,"Laytonville":1,"Leawood":2,"Lebanon":1,"Lees Summit":1,"Lehi":13,"Lehigh Acres":1,"Lemon Grove":1,"Lemont":1,"Lenexa":3,"Level Sec 317 San Francisco":1,"Level Sec 331 San Francisco":1,"Level Sect 311 San Francisco":1,"Levi Landing San Francisco":1,"Lewes":2,"Lewis Center":1,"Lewisville":11,"Lexington":8,"Liberty":1,"Liberty Lake":1,"Libertyville":2,"Lighthouse Point":1,"Lima":1,"Lincoln":22,"Lincolnshire":3,"Linden":2,"Lindenwold":2,"Lindon":3,"Linthicum":2,"Lisle":6,"Lititz":1,"Little Falls":1,"Little Rock":13,"Littleton":10,"Livermoore":1,"Livermore":216,"Livingston":2,"Livonia":7,"Loch Lomond":1,"Lockeford":2,"Lockport":1,"Lodi":23,"Logan":1,"Logan Twp":1,"Loma Linda":2,"Loma Rica":1,"Lombard":2,"London, W37bu, United Kingdom":1,"Lone Pine":1,"Long Beach":45,"Long Island":1,"Long Island City":2,"Longmont":1,"Longview":1,"Longwood":12,"Longwwood":1,"Loomis":15,"Los Alamitos":6,"Los Altos":33,"Los Altos Hills":4,"Los Altos, Ca":1,"Los Angeles":285,"Los Banos":11,"Los Gatos":48,"Los Osos":1,"Lotus":1,"Louisville":16,"Loves Park":1,"Lowell":2,"Lower Cent Fd San Francisco":1,"Lower Lake":1,"Lynden":1,"Lyndhurst":5,"Lynn":1,"Lynnwood":7,"Lynwood":6,"Madera":10,"Madison":9,"Madison Heights":1,"Magalia":1,"Mahwah":2,"Malden":1,"Malibu":3,"Malvern":8,"Manassas":1,"Manchester":2,"Manhattan":2,"Manhattan Beach":4,"Mansfield":3,"Manteca":58,"Manton":1,"Manvel":1,"Maple Grove":3,"Maplewood":2,"Marathon":1,"Marietta":6,"Marin City":1,"Marina":2,"Marina Del Rey":5,"Marion":1,"Mariposa":2,"Marlborough":6,"Marlton":3,"Mars Hill":1,"Marshall":2,"Martines":1,"Martinez":85,"Maryland Heights":5,"Marysville":7,"Mason":1,"Mattoon":1,"Mauldin":1,"Maumee":1,"Maxton":1,"Mayfield Heights":1,"Mayfield Hts":1,"Mayville":1,"Maywood":2,"Mcallen":1,"Mcclellan":6,"Mcdonough":1,"Mchenry":2,"Mckinney":1,"Mclean":17,"Meadow Vista":5,"Mechanicsburg":1,"Medfield":1,"Medford":8,"Medina":2,"Medley":1,"Melbourne":3,"Melrose Park":1,"Melville":24,"Memphis":19,"Menands":1,"Menasha":1,"Mendocino":3,"Menifee":2,"Menlo Park":99,"Menomonee Falls":4,"Mentor":2,"Mequon":1,"Merced":8,"Meridian":1,"Merrill":1,"Merrillville":1,"Merritt Island":1,"Mesa":12,"Mesquite":1,"Metairie":1,"Mexico":62,"Miami":53,"Miami Beach":2,"Miami Lakes":1,"Miamisburg":2,"Middle River":1,"Middleburg Heights":1,"Middlefield":1,"Middleton":3,"Middletown":4,"Midlothian":1,"Midpines":1,"Midvale":4,"Milbrae":2,"Milford":3,"Mill Spring":1,"Mill Valley":187,"Millbrae":172,"Millersville":2,"Mills River":1,"Milpitas":88,"Milwaukee":9,"Minden":2,"Minneapolis":47,"Minnetonka":10,"Miramar":1,"Mission Viejo":3,"Mississauga":2,"Mississauga, On":1,"Mississauga, On Canada":1,"Missoula":6,"Mobile":4,"Moccasin":1,"Modesto":82,"Mokelumne Hill":1,"Moline":1,"Monarch Beach":1,"Monona":1,"Monroe":1,"Monrovia":2,"Monsey":2,"Montague":1,"Montara":12,"Montclair":3,"Monte Rio":1,"Monte Sereno":2,"Montebello":2,"Monterey":8,"Monterey Park":3,"Montgomery":1,"Montgomeryville":1,"Montvale":3,"Moon Township":3,"Moorestown":4,"Mooresville":3,"Moorpark":1,"Moraga":34,"Moraine":1,"Moreno Valley":3,"Morgan Hill":50,"Morgantown":1,"Morris Plains":2,"Morristown":6,"Morrisville":11,"Moss Beach":11,"Mount Airy":2,"Mount Clemens":1,"Mount Juliet":2,"Mount Laurel":5,"Mount Pleasant":1,"Mount Prospect":1,"Mount Vernon":1,"Mountain House":9,"Mountain Ranch":1,"Mountain Top":1,"Mountain View":116,"Mp20d Canada Mb R3v3v6 Winnipeg":1,"Mt Hamilton":1,"Mt Laurel":1,"Mt. Laurel":1,"Mt. Pleasant":1,"Mt. View":1,"Mtn House":1,"Mtn Ranch":1,"Muir Beach":1,"Murfreesboro":2,"Murphys":1,"Murray":1,"Murrieta":7,"Murrysville":1,"Myersville":1,"Mystic":1,"Na":2,"Nanuet":1,"Napa":88,"Naperville":5,"Naples":5,"Nashua":3,"Nashville":14,"Natchez":1,"Natick":3,"National City":5,"National Harbor":1,"Needham":6,"Neenah":3,"Neptune":1,"Nevada City":5,"New  York":1,"New Albany":1,"New Braunfels":1,"New Brunswick":1,"New Canaan":2,"New Haven":5,"New Holstein":1,"New Hyde Park":1,"New Kensington":1,"New London":3,"New Orleans":3,"New Providence":3,"New Rochelle":1,"New York":589,"New York City":4,"Newark":86,"Newburgh":1,"Newbury Park":2,"Newcastle":2,"Newhall":3,"Newman":3,"Newport":2,"Newport Beach":12,"Newport Coast":1,"Newport News":2,"Newton":5,"Newtown":3,"Newtown Square":4,"Niagara Falls":2,"Nicasio":2,"Niles":1,"Nine Mile Falls":1,"Norco":3,"Norcross":9,"Norfolk":6,"Norristown":1,"North Andover":1,"North Attleboro":1,"North Bend":1,"North Betesda":1,"North Bethesda":1,"North Brunswick":1,"North Canton":3,"North Charleston":3,"North Chicago":2,"North Highlands":15,"North Hollywood":9,"North Kansas City":1,"North Kingstown":2,"North Las Vegas":2,"North Miami":1,"North Palm Beach":2,"North Reading":1,"North Richland Hills":1,"North Salt Lake":1,"North Vancouver Bc":1,"North Wilkesboro":1,"Northborough":1,"Northbrook":7,"Northfield":3,"Northlake":2,"Northport":1,"Northridge":8,"Northvlae":1,"Northwood":1,"Norwalk":11,"Norwell":1,"Norwood":3,"Nottingham":1,"Novato":312,"Novi":1,"Nutley":1,"Nyack":1,"O":1,"O'fallon":1,"Oak":1,"Oak Brook":2,"Oak Creek":2,"Oak Hill":6,"Oak Park":3,"Oak Ridge":1,"Oak Run":1,"Oak View":1,"Oakaland":1,"Oakbrook Terrace":2,"Oakdale":12,"Oakland":1564,"Oakland Ca":1,"Oakley":41,"Oaks":1,"Ocala":1,"Occidental":2,"Ocean Springs":1,"Oceano":1,"Oceanside":7,"Ocoee":3,"Odenton":1,"Odessa":2,"Ogden":2,"Ogdensburg":2,"Okemos":1,"Oklahoma City":7,"Okland":1,"Olathe":5,"Oldsmar":1,"Olivehurst":1,"Olmsted Township":1,"Olympia":1,"Olympic Vly":1,"Omaha":38,"On L5r3h5 Canada":1,"Ontario":27,"Opelika":1,"Orange":23,"Orangevale":13,"Orangvale":1,"Orchard Park":1,"Orem":6,"Orinda":43,"Orlando":39,"Orleans":1,"Ormond Beach":1,"Oroville":3,"Oskaloosa":2,"Ottawa":2,"Ottawa On K1p 1a4":1,"Overland Park":12,"Owatonna":1,"Owings Mills":3,"Oxford":2,"Oxnard":4,"Pacheco":27,"Pacific":1,"Pacific Grove":2,"Pacific Palisades":2,"Pacifica":296,"Pacificac":1,"Pacoima":4,"Pahoa":1,"Palatine":1,"Palm Beach Gardens":2,"Palm Coast":1,"Palm Desert":1,"Palm Harbor":1,"Palm Springs":1,"Palmdale":2,"Palmetto":2,"Palo Alto":172,"Palos Verdes Estates":2,"Panorama City":3,"Paoli":1,"Papillion":1,"Paradise":1,"Paramount":2,"Paramus":4,"Park City":2,"Park Rapids":1,"Parker":2,"Parkland":1,"Parkville":1,"Parlier":1,"Parsippany":14,"Pasadena":36,"Paso Robles":7,"Paterson":1,"Patterson":18,"Paulsboro":2,"Peabody":1,"Peachtree City":3,"Peachtree Corners":6,"Peapack":2,"Pearl River":2,"Pearland":1,"Peck Slip":1,"Pelham, Ontario L3b 5n5 Canada":1,"Pella":1,"Pembroke Pines":1,"Pendleton":1,"Penn Valley":3,"Penngrove":9,"Pennsauken":1,"Pensacola":2,"Peoria":4,"Peoria Heights":1,"Perris":2,"Perry":1,"Pescadero":6,"Petaluma":225,"Philadelphia":49,"Phoenix":56,"Phoneix":1,"Piedmont":24,"Pinellas Park":1,"Pinole":61,"Pioneer":1,"Piscataway":2,"Pismo Beach":1,"Pitsburg":1,"Pitsburgh":1,"Pittsburg":91,"Pittsburgh":51,"Pittsford":1,"Placentia":6,"Placerville":15,"Plain City":1,"Plainfield":1,"Plainsboro":5,"Plainview":1,"Plano":29,"Plant City":1,"Plantation":2,"Playa Del Rey":1,"Playa Vista":2,"Pleasant Grove":2,"Pleasant Hill":71,"Pleasant Prairie":2,"Pleasanton":217,"Pleasanton Hill":1,"Pleasonton":1,"Plesanton":1,"Plymouth":6,"Pocasset":1,"Point Reyes Station":2,"Point Richmond":2,"Pollock Pines":2,"Pollok":1,"Pomona":10,"Pompano Beach":1,"Pompton Lakes":1,"Ponte Vedra":1,"Ponte Vedra Beach":1,"Poolville":1,"Port Costa":1,"Port Huron":1,"Port Matilda":2,"Port Washington":5,"Portage":5,"Porter Ranch":1,"Porterville":6,"Portge":1,"Portland":69,"Portola Valley":8,"Portola Valley Ca":1,"Portsmouth":1,"Potomac":1,"Potsdam":1,"Poughkeepsie":1,"Poulsbo":2,"Poway":6,"Prairie Village":1,"Prescott":4,"Presidio":1,"Presidio, SF":2,"Princeton":14,"Princeton Junction":1,"Prineville":1,"Prior Lake":1,"Providence":5,"Provo":9,"Prunedale":2,"Pt Reyes Sta":1,"Pullman":2,"Punta Gorda":2,"Purcellville":1,"Purchase":6,"Puyallup":1,"Queens":1,"Queensbury":1,"Radnor":3,"Rahway":2,"Raleigh":30,"Ramona":2,"Ramsey":1,"Rancho  Cordova":1,"Rancho Cordova":60,"Rancho Cucamonga":17,"Rancho Dominguez":1,"Rancho Mirage":3,"Rancho Murieta":1,"Rancho Palos Verdes":2,"Rancho Santa Fe":2,"Rancho Santa Margarita":3,"Randolph":2,"Raritan":2,"Raynham":1,"Raytown":1,"Rch Cucamonga":2,"Rcho Sta Marg":1,"Reading":2,"Red Bank":1,"Red Bluff":2,"Red Oak":1,"Red Rock":1,"Redding":14,"Redeo":1,"Redlands":8,"Redmond":10,"Redondo Beach":7,"Redwood City":290,"Redwood Ciy":1,"Reedley":1,"Reno":23,"Renton":2,"Research Triangle Park":1,"Reseda":3,"Reston":33,"Richardson":7,"Richboro":1,"Richmond":482,"Ridgefield":2,"Ridgefield Park":2,"Ridgeland":1,"Ringoes":1,"Rio Linda":12,"Rio Vista":4,"Ripon":7,"Riverbank":7,"Riverdale":1,"Riverside":18,"Riverview":4,"Riverwoods":1,"Rm 232 San Francisco":1,"Rm 3210, San Francisco":1,"Rm 3220, San Francisco":1,"Rm 3222, San Francisco":1,"Rm 4.21.02 San Francisco":1,"Rncho Cordova":5,"Roanoke":1,"Rochelle Park":1,"Rochester":9,"Rock Hill":1,"Rockleigh":2,"Rocklin":37,"Rockville":14,"Rockwall":2,"Rocky Mount":1,"Rodeo":23,"Rohnert Park":77,"Rolling Hills Estates":1,"Rollingwood":1,"Romeoville":1,"Ronkonkoma":1,"Room 2130, San Francisco":1,"Roseland":1,"Roselle":1,"Rosemead":5,"Rosemont":3,"Rosenberg":1,"Roseville":81,"Roseville Ca":1,"Ross":10,"Roswell":2,"Round Rock":6,"Rowland Heights":2,"Roy":1,"Royal Oaks":6,"Rumsey":1,"Rumson":1,"Running Springs":1,"Ruskin":1,"Russellville":2,"Ruther Glen":1,"Rutherford":3,"Ryde":2,"Rye":1,"Rye Brook":1,"S":1,"S Burlington":1,"S F":2,"S Royalton":1,"S San Fran":240,"S San Francisco":22,"S. San Francisco":4,"S/F":1,"SF":79,"Sa":1,"Sa Francisco":6,"Sa Nfrancisco":1,"Sab Francisco":3,"Sachse":1,"Sacormento":1,"Sacramento":516,"Sacramento, Ca":1,"Sacramentto":1,"Sacremento":2,"Saddle Brook":1,"Sagaponack":1,"Saint Cloud":1,"Saint Helena":4,"Saint Louis":32,"Saint Marys":1,"Saint Paul":10,"Saint Petersburg":2,"Salem":4,"Salida":5,"Salinas":13,"Salt Lake City":30,"Sam Francisco":3,"Sammamish":1,"San":9,"San  Francisco":34,"San Andreas":1,"San Anselmo":89,"San Anselmo Ave":1,"San Antonio":28,"San Bernardino":3,"San Bfrancisco":1,"San Brnuo":1,"San Brunno":1,"San Bruno":309,"San Carlos":186,"San Clemente":9,"San Deancisco":2,"San Diego":227,"San Dimas":5,"San Fancisco":19,"San Fanciso":1,"San Farancisco":2,"San Farncisco":5,"San Fcancisco":2,"San Feancisco":1,"San Feancisco Ca":1,"San Ferancisco":1,"San Fernando":2,"San Fr":1,"San Fraancisco":1,"San Fracisco":32,"San Fracncisco":2,"San Fracnisco":2,"San Fracnscio":1,"San Framcisco":3,"San Fran":3,"San Franacisco":1,"San Franccisco":1,"San Franciaco":2,"San Franciasco":1,"San Franciaso":2,"San Francico":21,"San Francicsco":1,"San Francicso":12,"San Franciisco":2,"San Franciosco":1,"San Francis":2,"San Francisc":16,"San Francisca":1,"San Franciscco":20,"San Franciscfo":1,"San Francisci":3,"San Franciscio":3,"San Francisco":133854,"San Francisco Ca":2,"San Francisco Dpo":1,"San Francisco,":8,"San Francisco, Ca":14,"San Francisco`":1,"San Franciscoc":2,"San Franciscoi":1,"San Franciscoq":1,"San Franciscp":1,"San Franciscso":4,"San Franciscvo":3,"San Francisdco":1,"San Francisico":4,"San Franciso":72,"San Francisoc":10,"San Francisoco":1,"San Francissco":3,"San Francisvo":1,"San Francosco":6,"San Francscio":2,"San Francscisco":1,"San Francsco":1,"San Francsico":106,"San Francsicso":1,"San Francsisco":3,"San Francusci":2,"San Francusco":1,"San Franicisco":4,"San Franicsco":15,"San Franicso":1,"San Franisco":11,"San Franisico":1,"San Franncisco":3,"San Franscico":3,"San Franscisco":7,"San Fransciso":3,"San Franscisoc":1,"San Fransico":9,"San Fransicsco":1,"San Fransicso":2,"San Fransisco":49,"San Fraqncisco":1,"San Freancisco":1,"San Frnacisco":10,"San Frnacisoc":1,"San Frncisco":4,"San Frrancisco":1,"San Frtancisco":1,"San Ftrancisco":1,"San Gabriel":2,"San Geronimo":2,"San Grancisco":2,"San Gregorio":2,"San Jose":949,"San Jose Ca":1,"San Juan":1,"San Juan Bautista":1,"San Juan Capistrano":5,"San Juan Capo":1,"San Leadro":1,"San Leandro":361,"San Leandroi":2,"San Leandroo":1,"San Loranzo":1,"San Lorenzo":50,"San Luis Obispo":8,"San Marcos":12,"San Martin":13,"San Mate":1,"San Mateo":431,"San Pablo":117,"San Quentin":1,"San Rafael":474,"San Ramon":139,"San Rancisco":2,"San Tan Valley":2,"San-Francisco":3,"San. Francisco":1,"Sandpoint":1,"Sandy":6,"Sandy Hook":1,"Sandy Springs":1,"Sanf Francisco":1,"Sanford":6,"Sanfrancisco":50,"Sanfranciso":1,"Sanfransico":2,"Sanger":1,"Sanh Francisco":1,"Santa Ana":40,"Santa Barbara":23,"Santa Clara":217,"Santa Clara, Ca":1,"Santa Clarita":2,"Santa Cruz":47,"Santa Fe":1,"Santa Fe Springs":20,"Santa Margar":1,"Santa Maria":3,"Santa Monica":40,"Santa Nella":1,"Santa Paula":2,"Santa Rosa":212,"Santa Rose":1,"Santee":2,"Sar Francisco":1,"Sarasota":10,"Saratoga":15,"Sartell":1,"Sasn Francisco":1,"Saugus":1,"Sausalito":113,"Savannah":1,"Scandinavia":1,"Scarborough":1,"Scarsdale":2,"Schaumburg":7,"Scituate":1,"Scotch Plains":1,"Scotts Valley":11,"Scottsdale":39,"Scottssdale":1,"Seal Beach":1,"Seaside":5,"Seattle":81,"Sebastopol":44,"Sec 144, San Francisco":1,"Sec 228 San Francisco":1,"Sec 232 San Francisco":1,"Sec 310 San Francisco":1,"Sec 314 San Francisco":3,"Sec 317 San Francisco":2,"Sec 319 San Francisco":1,"Sec 320 Rm 5319 San Francisco":1,"Sec 324 San Francisco":1,"Sec 325 San Francisco":1,"Sec 331 San Francisco":3,"Secaucus":2,"Selma":3,"Seminole":1,"Sequim":1,"Seven Hills":1,"Shadow Hills":1,"Shakopee":1,"Shallotte":1,"Sharonville":1,"Shavano Park":1,"Shell Beach":1,"Shelton":2,"Sheridan":3,"Sherman Oaks":20,"Sherwood":2,"Shingle Springs":5,"Shirley":2,"Short Hills":1,"Shreveport":3,"Sierra Madre":2,"Signal Hill":18,"Silver Point":1,"Silver Spring":6,"Simi Valley":5,"Sioux Falls":4,"Skokie":2,"Slc":1,"Sloughhouse":3,"Smartsville":1,"Smyrna":3,"Sn Francisco":5,"Sn Luis Obisp":2,"Sna Francisco":2,"Snohomish":2,"So San Francisco":13,"So. San Francisco":2,"So.San Francisco":1,"Soborg 2860, Denmark":1,"Solana Beach":3,"Solon":4,"Somerset":9,"Somerville":2,"Sonoma":60,"Sonora":16,"Soquel":5,"South Bend":5,"South Boston":1,"South Easton":2,"South El Monte":2,"South Gate":1,"South Holland":1,"South Jordan":5,"South Lake Tahoe":7,"South Miami":1,"South Pasadena":1,"South Portland":2,"South Sa. Francisco":1,"South San Franc":1,"South San Francisc":1,"South San Francisco":628,"South San Francsico":1,"South Sanfrancisco":2,"Southbury":3,"Southfield":5,"Southlake":5,"Southport":1,"Spanish Fork":1,"Sparks":9,"Spartanburg":3,"Spokane":3,"Spring":1,"Spring Arbor":1,"Spring Grove":1,"Spring Hill":2,"Spring Valley":2,"Springfield":4,"Ssacramento":1,"Ssan Francisco":2,"Ssn Francisco":1,"St Augustine":3,"St George":3,"St Helena":1,"St Louis":7,"St Paul":1,"St Petersburg":6,"St Thomas, Vi 00802":1,"St. Cloud":2,"St. Helena":1,"St. Louis":5,"St. Petersburg":1,"Stafford":2,"Stamford":18,"Stanford":4,"Stanton":1,"State College":1,"Stateline":1,"Staten Island":2,"Statesboro":1,"Staunton":1,"Sterling":8,"Stevens Point":2,"Stillwater":1,"Stinson Beach":1,"Stockton":117,"Stoddard":2,"Stone Park":1,"Stoughton":2,"Stratford":1,"Strongsville":1,"Studio City":3,"Sturtevant":1,"Sugar Land":4,"Suisun":3,"Suisun City":16,"Summerfield":1,"Sun City West":1,"Sun Prairie":1,"Sun Valley":5,"Sunny Isles Beach":1,"Sunnydale":1,"Sunnyvale":141,"Sunol":2,"Sunrise":3,"Superior":1,"Surprise":1,"Sutter":1,"Sutter Creek":1,"Suwanee":1,"Swedesboro":1,"Swiftwater":1,"Sylmar":8,"Syracuse":1,"T3 Sfo San Francisco":1,"Tacoma":8,"Takoma Park":2,"Tallahassee":2,"Tallassee":1,"Talmage":1,"Tampa":32,"Taneytown":1,"Tarrytown":3,"Tarzana":6,"Teaneck":1,"Tel Aviv":1,"Telford":1,"Temecula":7,"Tempe":25,"Temple City":1,"Templeton":1,"Terre Haute":1,"Terrell":1,"Tewksbury":1,"The Presidio San Francisco":1,"The Presidio, San Francisco":2,"The Woodlands":7,"Thief River Falls":1,"Thonotosassa":1,"Thorofare":1,"Thousand Oaks":6,"Thousand Palms":2,"Tiburon":38,"Tiffin":1,"Tigard":1,"Tillson":1,"Tinton Falls":1,"Titusville":1,"Toledo":1,"Tolleson":2,"Tomales":1,"Tomball":2,"Toronto":1,"Toronto M6k 3j8 On Canana":1,"Toronto, Canada":3,"Toronto, On":1,"Toronto, On M5v 3m2, Canada":1,"Toronto, Ontario":1,"Toronto, Ontario M3b 0a4 Canada":1,"Toronto, Ontario, Canada":2,"Torrance":27,"Torrington":1,"Town And Country":2,"Towson":1,"Trabuco Canyon":1,"Tracey":1,"Tracy":111,"Treasure Island":3,"Treasure Island / SF":1,"Trevose":2,"Troy":3,"Truckee":9,"Trumbull":2,"Tualatin":3,"Tucker":1,"Tucson":11,"Tujunga":4,"Tukwila":5,"Tulare":3,"Tulsa":10,"Turlock":21,"Tustin":17,"Twain Harte":3,"Two Rivers":1,"Tysons":4,"Tysons Corner":2,"Ukiah":8,"Undeliverable":1,"Union":1,"Union City":108,"Uniontown":1,"United States Minor Outlying Isl":2,"Universal City":1,"University City":2,"University Park":2,"Upland":27,"Upper Marlboro":1,"Urbana":2,"Utica":2,"Vacavile":1,"Vacaville":67,"Vail":1,"Valdosta":1,"Valencia":19,"Valhalla":2,"Vallejo":191,"Valley Center":4,"Valley Spring":1,"Valley Springs":6,"Valley Village":4,"Van Nuys":17,"Vancouver":7,"Vancouver Bc V6b 2y5":1,"Vancouver Bc V6c 2x8":1,"Vancouver, Bc Canada V6b 274":1,"Vancouver, Bc V6b 2y5 Canada":1,"Venice":3,"Ventura":10,"Vernon":9,"Vernon Hills":1,"Verona":3,"Vesta":2,"Vestal":1,"Victor":3,"Victoria":1,"Vienna":5,"Vila Verde, Portugal":1,"Villa Rica":1,"Virginia Beach":6,"Visalia":10,"Vista":11,"Voorhees":1,"W Hollywood":1,"W Sacramento":5,"Wake Forest":2,"Wakefield":3,"Wallingford":1,"Walnut":23,"Walnut Creek":256,"Walnut Grove":2,"Walpole":1,"Waltham":24,"Warren":2,"Warrendale":2,"Warrenville":3,"Warsaw":2,"Warwick":1,"Washington":93,"Washinton":1,"Washougal":1,"Waterford":3,"Watertown":5,"Watsonville":22,"Waukegan":2,"Waukesha":4,"Wausau":1,"Waxahachie":1,"Wayland":1,"Wayne":12,"Waynesville":1,"Webster":3,"Webster Groves":1,"Weed":1,"Wellesley":1,"Wenatchee":1,"Wesport":1,"West Chester":7,"West Conshohocken":1,"West Covina":3,"West Hartford":2,"West Hempstead":1,"West Hills":3,"West Hollywood":11,"West Jordan":1,"West Lake Hills":1,"West Lebanon":1,"West Mifflin":1,"West Orange":1,"West Palm Beach":8,"West Point":1,"West Sacramento":42,"West Valley":2,"Westborough":1,"Westbrook":1,"Westbury":1,"Westchester":2,"Westchster":1,"Westemont":1,"Western Springs":1,"Westerville":1,"Westfield":1,"Westlake":4,"Westlake Village":10,"Westley":1,"Westminster":14,"Weston":3,"Westport":6,"Westwood":3,"Weymouth":1,"Wheatland":3,"Wheeling":1,"Whippany":1,"White Bear Lake":1,"White Plains":7,"Whitehouse Station":1,"Whittier":3,"Wichita Falls":1,"Wildomar":1,"Wildwood":1,"Williams Bay":1,"Williamsburg":1,"Williamsport":1,"Williamsville":5,"Williston":2,"Willits":6,"Willmar":1,"Willow Grove":2,"Willowbrook":1,"Wilmington":35,"Wilseyville":1,"Wilson":1,"Wilsonville":1,"Wilton":6,"Winchester":3,"Windsor":28,"Winnetka":1,"Winnipeg, Manitoba, R3p 2s2":1,"Winona":2,"Winston Salem":3,"Winter Haven":1,"Winters":4,"Woburn":5,"Wolf Point":1,"Woodacre":5,"Woodbridge":3,"Woodbury":2,"Woodcliff Lake":3,"Woodinville":3,"Woodlake":1,"Woodland":20,"Woodland Hills":17,"Woodlyn":1,"Woodridge":1,"Woodside":16,"Woodstock":1,"Woonsocket":2,"Wooster":1,"Worthington":1,"Wyckoff":1,"Wyoming":1,"Wyomissing":2,"X":1,"Yardley":2,"Yarmouth":1,"Yorba Linda":6,"York":3,"Youngstown":1,"Yountville":1,"Yreka":1,"Yuba City":6,"Yucca Valley":1}}}}}